"username","sub","checkId","name","points","earned","lastOk","lastDetail","lastLatencyMs","passCount","attempts"
"linus.moser","13048882-1081-70a5-70e8-9fa2f0fa2721","health","GET /health returns ok",5,735,true,"ok",51,147,295
"linus.moser","13048882-1081-70a5-70e8-9fa2f0fa2721","tracks-unauth","GET /api/tracks without auth returns 401",5,740,true,"ok",80,148,295
"linus.moser","13048882-1081-70a5-70e8-9fa2f0fa2721","tracks-spectator","GET /api/tracks as spectator lists six tracks",10,1370,true,"ok",40,137,295
"linus.moser","13048882-1081-70a5-70e8-9fa2f0fa2721","track-detail","GET /api/tracks/track-01 returns track detail",5,670,true,"ok",21,134,295
"linus.moser","13048882-1081-70a5-70e8-9fa2f0fa2721","rules-version","GET /api/config/rules/version returns active version",5,830,true,"ok",21,166,295
"linus.moser","13048882-1081-70a5-70e8-9fa2f0fa2721","heats-spectator-forbidden","POST /api/heats as spectator returns 403",5,335,false,"status 422, want 403",77,67,295
"linus.moser","13048882-1081-70a5-70e8-9fa2f0fa2721","create-heat","POST /api/heats as director creates a heat",10,780,false,"status 422, want 201",40,78,295
"linus.moser","13048882-1081-70a5-70e8-9fa2f0fa2721","transponder-not-running","POST /transponder before RUNNING returns 422",10,1020,false,"status 202, want 422",64,102,295
"linus.moser","13048882-1081-70a5-70e8-9fa2f0fa2721","start-heat","POST /api/heats/{id}/start as director returns 202",10,1370,false,"status 404, want 202",4,137,295
"linus.moser","13048882-1081-70a5-70e8-9fa2f0fa2721","heat-running","Heat reaches RUNNING after start",15,945,false,"status 404, want 200",32,63,295
"linus.moser","13048882-1081-70a5-70e8-9fa2f0fa2721","transponder-unknown","POST /transponder with unknown transponder returns 422",10,1250,true,"ok",80,125,295
"linus.moser","13048882-1081-70a5-70e8-9fa2f0fa2721","leaderboard","GET /api/heats/{id}/leaderboard returns standings",5,255,false,"status 404, want 200",720,51,295
"linus.moser","13048882-1081-70a5-70e8-9fa2f0fa2721","heat-not-found","GET /api/heats/{unknown-uuid} returns 404",5,1010,true,"ok",699,202,295
